f_00,f_01,f_02,f_03,f_04,f_05,f_06,f_07
-0.3894199110537888,-0.9127914792572344,0.6489511628138711,0.5890447577771225,-0.8308173864647379,0.7336237470477357,2.258560154588956,2
-0.6892491137224578,-0.4539535277493861,0.6541745206509423,0.9952482661759678,-1.6530196306091998,0.8638102742319551,-0.0906509978327302,2
0.8090788664023759,0.3245677906861913,-1.1706022146897477,-0.6244911639126158,0.1054483028137514,0.7839477836310075,1.988300534485668,5
-0.5009234810580379,0.2290488951614551,0.2641086296528706,0.2315202968897457,0.4150118032140036,-1.2212693385964364,0.1388497952412958,6
-0.6712677787417105,-1.0395325906830777,-0.2701548375514303,-1.8302644059577908,-0.2901081109528863,-1.8528086487962925,0.7818976278827875,8
-0.8889452716996447,-1.121026038315463,0.9886083268505864,0.224777812831419,1.6550736611240873,-1.2742712640691236,0.3714430904552072,4
-0.0961365602937964,-0.2475277703848895,-0.6421755410669994,-0.5348490848776989,1.051045380152601,0.2574123731421472,-2.1291999325424986,2
-0.9086153786614376,0.0653189207811075,-0.4270017025361189,-0.39207010139581,1.1355316225093768,0.797638380452663,-0.510479805343331,2
0.997730004630089,-1.1537652487979957,-0.908963690218394,0.9849622078975908,1.1762517036085578,-0.0615698301451299,-1.0152467675218553,1
-0.6413084759692328,0.376706708546322,-0.4277705732457552,0.8022393841080199,-1.0495585417223925,-0.215596387982603,-1.2770359471603443,1
1.0621590111882409,-0.3960842005047738,-1.2207085982572443,-0.8211854777519865,-0.4028798110448827,-0.7841230076284933,-1.7212632096154674,8
-0.3267827658585233,-0.9681299451379084,1.1561199616084643,-0.9601763319126622,-1.0987458675430402,0.1398186153936433,0.4025270590166464,4
-0.6237806678742132,-1.8761619688522937,-1.6769687820467898,0.1207963305584899,0.0512650315499136,-0.9471850766550916,-0.1160479119709759,4
-1.3800104436782217,0.923588258190828,0.6886151644053926,1.078769531395473,-1.7118575267017035,0.8927958036286935,-0.0234685306360139,4
-0.1926524337279684,-1.2952262387021616,1.0236189912713756,-1.1014768044064058,1.223792490057559,-1.568216396653254,0.3179616194391268,16
-1.7833669718262086,-0.4384850417226947,-1.3504999712435402,-0.3930645600741018,0.9263469394465222,0.7209286831120034,0.7319848098576275,3
-0.8001117016803639,0.9644494337856694,0.7700303907315366,-1.3279534483320026,0.4576079473755989,0.0018975479332535,-0.6302336840943089,2
-0.7522381738796196,0.5131435134718516,-0.9324945703564812,0.6912894031273378,-1.1498122879537067,-2.455669793769772,-1.4323071176667994,4
0.3515548446759243,-2.335233334808445,0.2850439362578687,-0.3448749133795805,0.2346659528766856,1.538826840047775,-1.8028331384119,7
-1.2907642454632464,0.0665032847604379,0.0068856751364986,-0.8844532321557985,0.9366328335405838,0.2322794473181362,-0.599150777968652,11
0.2119324931780923,-0.3619368954508802,0.0679527250146273,0.0617813912597622,2.119784128234974,0.80811508639096,0.978215827334754,19
2.4862349666575025,-0.1011394283594061,-0.1708391546471352,-0.2134048565299902,-0.7159581787901296,1.528873528825987,-0.6916144823060018,2
0.0543566952149415,-1.158536955913012,-0.9581642179457468,1.4875578280383843,-0.5540543029657236,1.3594882277117522,-1.4053170502042795,7
-0.144264122864044,0.3689793771205467,0.3874231076035193,-0.0040276624972885,-0.989100993989326,-1.2159608124668595,-0.2811086606574604,2
1.0489968215682304,1.392253902003718,0.7845480688450943,0.6446934783873055,-0.335370393143988,0.2072769685227173,0.643654327582183,6
-0.7026291936362102,-0.6036083946442634,1.155910764919485,-0.8134749908658067,-0.8807232168455722,0.6355962310843435,0.5288174980614834,12
-0.9334388543393052,-1.780345127769524,1.587369908649708,-0.0648140476846055,-0.3541149068315257,0.7221480094319781,0.5146013244696669,9
0.537068743383798,-0.5735004091433769,-0.2320649988217955,-0.3878686582739503,0.3841688804404481,-0.7504491607260055,-0.9210265318607568,5
0.9912659534692828,0.0500462458296646,0.581269244856793,0.1964418588396187,1.130517145126609,-0.1395989096292274,0.9148501458010926,3
0.2500620412723283,0.8833846836210273,0.9116522264356977,0.3395724106094845,0.047810647258464,1.2076318358459597,-0.8603122785628473,9
0.6706167195458639,-1.422351990088113,-0.1237135073330427,-0.2454258052408644,1.0007843100519969,1.1312631970047562,0.0991387867255794,4
-0.5748376838292495,-2.6408407767544504,-1.0583495669947836,0.273995600387622,0.2518760866293612,-0.9155142973415984,0.3977379403974459,10
-2.364903046761861,-0.9220188155912052,-2.247049096169784,0.5905070701330265,0.9508354476989588,0.5561497583173123,2.4520223815341247,7
-1.2052844018148658,-0.5505176900246336,0.977942268747322,-1.167728444785895,1.0298752759769425,-1.009354116686474,-0.7892874787498732,7
-0.0099656545076677,-1.7868518688451416,-0.3787870553506351,0.5516098479372712,0.9780381309480894,-1.548570783339151,0.4601089433973543,2
1.2696809150572672,-0.623198687773811,0.0416315486680938,-1.1214398321324417,-0.2039302112150828,1.6379120887990464,-0.2589859285165587,4
0.0703893278816891,-1.217033868978681,0.1144387076412009,-0.1393060151488633,0.3975126518162329,-0.097588518905196,0.7648784532242388,7
-1.0730871515400344,0.0371623080223596,-0.6526141665781493,-0.6002513237261602,0.0403295106229724,0.8917176032022459,1.7627874525851237,3
0.3626796353985195,0.3765577448371554,-0.7755969477446407,-1.9355066796795808,1.4119746127543202,-0.5768988023581607,-0.6692003215102275,2
-1.0464187083181815,1.731956856601491,1.434789180834101,0.486232766683223,-0.9288159921620222,0.6925201128302299,-0.9083903500401136,3
-0.1512894334171739,-0.2782234327766952,-0.698960466706463,-0.1166203732721642,-0.5777553412554344,-0.6508168889947091,0.0851670942346979,15
-0.8502255712595096,-0.2951602190661621,-0.0880333038438514,0.5765965193781107,-0.1848422540821034,-1.0000027644526457,-0.6232370647402954,0
-1.7741546378596975,-0.6142230836633967,-0.3293827512141283,-0.039838191115343,0.5036604982212294,-0.8682869925927855,0.372523732357251,3
-1.235324263692827,-0.2289037024940964,-0.161500061152454,-0.8066496968691624,-0.0446381278295891,-1.214360788920899,-0.1908019424580659,0
0.3701428123210583,-0.0533479882525488,-0.1923201607731771,-1.0350008024913542,-0.7718158518131819,0.4553959553035955,0.4960530469642726,6
0.3602714130761444,0.9411884155517616,-0.7649088986385398,-0.1524563017634973,1.3409915000363757,0.334160212126096,-1.1365834205861665,8
-1.4584746206706465,-2.2182567164162963,1.67981401505438,0.1509657018870807,0.2565009682035579,-0.6874737557348329,-2.5033144162944443,10
-0.913992385793824,-0.2456928659800102,0.6537242615803427,-0.8467152469931682,1.3993366658067492,-1.2423847966191,1.025259058769212,19
0.8061134197327602,0.894735868629213,0.4076623726441674,0.1346831642364065,1.5642227730086689,0.1740493231161112,0.5107609106832056,3
-0.2058509412625594,1.3692991599132438,0.3328202694371463,-1.554582574864515,-0.4934183787248181,-0.2460556914059773,0.6984882672685692,7
0.7416603147025846,-1.802179042886383,-0.2196470785989436,0.5698520853194878,-0.2753491854908166,-0.122305597199444,0.9377725662894146,1
0.2374424691701376,2.9997175008503207,2.551029639356209,0.5111261914358782,1.0211119455361657,-0.0121659134176901,2.0519282109198174,5
1.4158925785872098,-1.9278090932894807,-1.4744569498113251,-0.4066031452542404,0.3872544032933009,1.4701990636907518,1.1422176958354944,4
0.6411189560017545,0.6216205921960659,-0.1928001770363626,0.0425139842665759,-0.4435103651419674,-0.8081335619712224,0.2777133997935198,2
1.090390182334248,-0.104673543344805,-0.2882620852045646,0.5548954725013608,0.664188206313456,-1.0580957710067962,0.4568334726188808,8
-0.456965005836362,-1.1584123767871066,-2.2552814935335004,1.511325304351197,-0.6030397764570742,0.176129666517784,-1.0891091037494816,4
0.7899942423183546,-0.5844135292562599,-0.2724293469127831,-0.292463511548775,1.6475623589044153,1.7399059946141653,0.0777739566908048,5
0.1652139640668603,-0.9258866363105392,1.5813594451456028,-0.9920115070218586,0.3318911443857081,-0.3657960721935047,-2.437216706337732,6
0.5623212153476252,0.4326357228100997,1.485641721786947,0.6698489701060549,0.4695652270702112,1.2005524780625778,-0.127006155114458,2
-1.4995298782055004,-0.3707323478966731,0.966399273551502,-1.63745558606116,-1.6185802730338446,-0.9193739658339748,-0.0556967812183547,0
2.649354211127588,0.4255851553865287,-0.2008480658438618,0.9924706467327616,-0.7350420085020634,2.7658719574385127,-0.0257073540932317,3
-0.1883851483185509,-0.6002040213496109,-1.060948800392863,-0.9466511040755834,0.642257291276725,1.1882073288797157,-1.3914010924079887,2
-0.927273217307958,0.6986125718637743,0.91611514561949,0.2943496456919903,-2.659400295000905,0.6797199132091184,0.375844736068365,2
-0.6482864156724044,0.1747629786319451,-1.9885599813441528,-0.8349344033689402,0.3269473868716311,0.0696199956699238,-0.262339331946526,4
-1.5809976714849066,-1.1751227469869134,0.1318673815607555,-0.612858959092428,-1.0246633896051782,0.3661257350695464,0.2714548488728034,5
-0.6183779004085035,-0.7191197240042851,-0.266405919810048,-0.1630670082996312,-0.5525448219496661,0.9639409599689558,0.5353798808971417,6
-1.405440268127889,2.1732048666730206,-0.9607279615291848,0.3531799454404552,-0.0131093509623454,-1.2892187675186948,-0.0463700366951583,6
-0.5134583382126067,0.2016418519793369,0.4621528761283521,1.4049703731062797,-1.3754671572203128,-1.494767837064373,-1.0743080626677228,3
2.0661080281516253,-0.7844380098021432,-0.3221929858859428,-0.4673337042151733,2.361255203809959,1.7154959478909495,0.4536439441038259,21
-2.097516413478039,0.5585137363496923,0.1372376808802569,-0.6925458111321131,1.4987805438734776,-0.6628322581239116,1.1410248729895205,9
-1.066040333056382,-1.0516382145709446,-0.8128200113715981,-0.3285540258112018,0.1512277282929418,-2.464608104179243,0.745235601587232,13
-0.4698395802148023,-0.9627605700722308,-0.1080795443100952,0.5958467593395009,1.983143376364332,-0.1727526618233548,-0.2509618195096569,3
-0.8528036913327793,1.399707727866078,0.8319116113276953,0.1063268159138963,1.2356299486800577,-1.50615002311934,-0.0819796904930039,4
-1.0935014994349663,0.5883937287820806,-0.2345606720181195,-2.179806137013629,0.5292180580083821,-0.3356454247512931,2.101661205578917,5
2.710738129849417,0.924886942108373,1.0736587775336903,-0.4948511980910344,0.0208411472802033,-2.0074456897662603,0.7421065396867275,23
2.3609753445837423,-0.0335594164938929,-0.5981299347995909,-0.2491395564803359,-1.109351866467593,-1.457064329551603,-1.105618423668696,6
-0.5783709333665232,-0.9168552969059728,-1.1577846523801232,0.8083359480439759,-0.0556018052460101,-0.3592006344324621,1.002264525380029,0
0.2592307077406265,-0.5552074171877935,0.383214333822249,0.1903941113705906,-1.3810963965486571,0.6834503424006361,-0.4524274918960511,15
0.6074392502942173,-0.3461209794168465,0.7910777250236872,0.3871358065692204,-0.7135378241814763,-0.1041332572692616,1.2053141375471157,11
-0.5979520038247909,-0.0178049750342022,0.2623829596283053,-0.4483899886031358,-0.7835846240671234,-1.4832959813336577,-0.7833251965542497,4
1.2331132418040704,-0.1871175140659375,-0.0053676800293982,0.5765196244956492,1.1534577575934328,-0.0562012033400767,-3.39894711206206,0
0.6159423977565381,0.9305701896618704,-0.4845577792142709,1.450096280232365,-0.1958279996442584,2.259469673242284,0.0323486755177211,11
2.1563875291803694,0.1653973224251245,-2.034158872783488,-0.3001206032251974,0.0976456450067683,0.1701882733405351,1.0516146618020707,13
1.321087946583717,-1.4348116171098546,-0.1121041601790396,-0.0416871016215065,1.4731322268090636,-0.9423014139739568,-0.0426823314571382,7
0.6413997554942384,1.0492309390545451,-1.4786113191076873,-0.6485760577757524,-0.4737596452602854,0.9396232377380326,-0.0313285569599006,1
1.9673507612518544,0.7710559689627589,-1.083334996595529,0.7249807380568334,0.8135366613282735,1.2709713365029816,0.0802707062514871,6
0.1049698289022375,1.427837052498205,1.0622168059478496,0.5004500136985313,0.3640792265126187,0.4855725659634671,0.1864635124912745,3
1.2821091734625518,-0.9393840255825068,0.6671793141226563,0.6052139912353511,0.2877042642533103,0.2203387771753119,0.7754064944048038,7
-1.4527754986430472,-0.7447831432617329,-1.3930170603207854,1.5951176068813642,-0.2558725138211862,-1.1126557368012633,1.4637033440231575,2
0.5147964064035745,-2.794323384220156,-0.3845162107854777,2.008156434366075,-0.7141981750118948,0.3992561093083084,-0.9156201217779958,5
0.622233087999794,-0.3242632529397627,-1.0585788836013297,1.1479759932488,-1.0961044791324237,-1.3197407853754437,1.2554113004067835,5
-1.0587638017469578,0.162773766009212,-0.9142946108305894,1.6252754763926545,-1.019846620795095,-1.491516007034999,0.687195518979758,7
1.6691386219517474,0.4956119664403629,1.5083159633601864,-0.1210698055713567,0.7490790165688137,0.2902991591641082,0.6948161105260373,10
-0.6107040668217345,0.1152272599056192,0.5793762804398835,0.3744354784978117,1.4400160981063066,-0.5004365383103467,-0.7429563872068051,2
0.785366823642704,-1.611950325897996,-0.1214065817056586,-0.2420452100132575,-0.7778599276586299,-0.0477239834182638,0.9335180308593186,12
0.2514531185614578,-0.0056254943881866,-0.2989802748189583,0.4146137380682818,0.7185369683578186,-1.0505703390602852,-1.993070192619273,5
-1.2080287643259835,-0.1033292964313899,0.1824772468503214,0.1675049387656052,1.2582871449907302,0.8174786978175377,-0.6020196456700442,14
0.9875660818189194,1.006044968267188,0.3969300866601417,1.186979381578896,2.4597085848298823,0.7565742727941721,-0.908810345838674,4
2.8229768371246853,-1.0094634970945495,-1.6222489118963477,-0.2025561494984518,-0.2016418589777096,-0.3585394821854037,-1.2685116570822186,4
0.5051663963620997,-0.0003533618528773,0.7486780153770265,1.4869967804794413,0.2305714371174205,-0.0518265135459255,-1.4773790499469586,2
-0.181457678055872,-0.1982190057088049,-0.5226198486444308,-0.2754112185078554,-1.172947711014439,0.3870766675220685,-1.408159479408622,9
-0.279875613129148,2.4599458362805,-0.03429515560512,0.2273150095053638,-0.7072212659973365,2.0536291036576664,-0.1439094046506396,7
0.288459091988378,1.490395109578641,2.2367601798168546,0.2249632386240318,1.2936527742089512,1.09223593784505,1.4354729592872115,4
0.1076162140754701,1.0572397179046098,-0.3443694727709355,-1.2720154532284524,0.9067106703303937,0.5030719043340555,0.2235937019968122,9
-0.4872678948397907,1.2938697052850012,1.2561599181426648,2.6368929613157213,-1.6974647797709872,2.503676689348061,-0.3569855156710692,5
0.0784260279098965,2.3170276379875268,0.1079812723153352,-0.5116569464233814,-2.71047847400888,-0.8767195166573237,0.5949676207051371,9
0.0297443372928356,-0.6452082257169478,0.5594870175678395,-1.12188090787103,-0.1615643708233067,0.2690031147821878,0.3712818968744039,5
0.6053511734074344,-0.1976012189988102,1.5411745766631173,-0.5879504417315358,-1.077556775940891,2.1543071749685634,1.3437820384530688,7
1.7797427444852012,0.4288797393300552,0.5342085164187566,1.6584945601124097,0.2846964851024976,1.6308112598613052,1.4890387314139808,1
0.1723904121838204,0.0605571349532873,-0.4786194724992859,-1.3558101812761112,1.392766717974555,-0.6063072473597113,-0.1211693628094613,1
-0.6138375389444409,0.9691222935903332,-0.3636038959544667,1.0157008747462457,-0.6584209835498375,0.9805732262111216,0.1796800856726143,10
0.1146192039757517,2.1294376992734616,-0.6951195626190361,0.5306191855755594,1.8456588310410416,0.6574095946691769,-0.143443635315528,1
0.942064152766722,0.6225660836544172,0.9551786860458922,0.6223242904235899,-0.3391972421727387,-0.1838755328652046,1.2447883860409328,10
0.3304918536919585,-1.011010940499624,1.9460702833068924,0.3399734066949003,0.4532575863665433,-1.2136961014723795,0.6521784338240232,5
-0.4601973100995158,0.424875136286083,-0.939740605314658,-0.5405070735872801,1.2119869784347324,-0.0133273287358855,1.9325733705277883,11
-0.428256385744249,-0.3659298362439585,0.3073566042829291,-0.3891198692126103,1.7578853219234172,1.737553302117882,0.3989424472067805,1
-1.2595903461991922,-0.6668993547003859,-0.3908040765240587,0.3147813338226545,0.0513084137054595,-0.2435569446587276,-0.7910228328892692,3
0.6809910816507054,-0.4274087924607939,1.0554195490745544,0.8062144498793441,-1.009360262495643,0.1971099200082375,2.258160183786237,3
-0.5219402707699359,0.4287757893859332,-0.9336990858847068,0.6320651300605815,2.0602771546617853,0.5328492575888087,0.8135800507549613,3
-0.1872067780593744,-0.1062071632533493,-2.164156894477208,-0.8126702814079372,-0.3900349055971612,-0.1860780477656569,-2.3875955073189683,10
1.6167573009170826,-0.0614349512797821,-0.3512855121248031,-0.8653365141440436,0.0780680452542527,0.9134364247044487,-0.0795344699469313,6
-0.3148858537094386,-1.5799922415421055,-0.5270329491648346,-1.4801166761066813,0.4064871475161577,0.4137907270131081,2.404999095758648,12
0.4186449852212557,0.3195545062000655,0.069525119474843,-0.4910040782287113,0.5071011792720815,-0.432178085873286,-0.6119011704140821,14
0.3420674506822553,0.0688695037470427,1.3748928781671286,1.6321820219622665,-0.1780396069129549,-1.605003004927564,-1.773267236861556,4
2.0288818534949407,0.8855484487515836,0.2200306942333492,-0.4382114747053993,0.9167946132180816,-0.7310056459675633,0.8185422322152349,3
0.0755433805406732,0.9893535296655804,-0.8238885777718141,-1.229176568943486,-0.2928013826874473,-0.0811535874916715,-2.623096383797753,3
0.0193348682803102,0.9611724217809532,-0.4190956150653925,-0.7778807291202797,-0.923353010067054,-0.2971506934917765,0.8668133900843641,6
-1.6958378352589814,0.668617778736757,-3.658036389986047,1.4369687082019549,-0.7785562276002674,0.3415741441534723,-0.8556674000474295,2
1.8390808671460528,0.2833566973952005,-1.239962438435744,0.575167202822031,0.7452064805639803,2.9951882417976994,-0.8543904135186536,10
0.7483615444179387,1.343551951687994,-1.486994019152241,-0.1203774634386702,-0.3451532437467044,0.5181262962788464,0.4278788815117736,3
0.8825297941747158,-1.4955132200890924,-1.6223510839457815,-1.0127353963825134,1.008172807888989,0.6248148536973265,0.2887010026108429,5
0.6706933734241127,0.6134906482451593,1.0528263860579283,1.532141426539544,-0.5136424341470154,0.1643884674756622,0.2399222113454065,5
0.140497946289048,-1.4568828732743768,-2.057244770777266,-0.5105353099381368,-2.076888171939051,-0.9637676097754284,-0.9261213277404732,5
1.056788323326214,2.2325901024669106,-1.8075958720041947,-0.3145463845575895,0.4288950472335076,0.2900404006144857,-0.6705225250860323,11
0.9891503686272084,0.4073393118887254,0.6737189665413726,0.5753020097871334,-0.1833250847628364,-0.5110979883959118,0.0090110396800656,7
0.7735368994950792,1.5112235386036217,0.1668662493723884,-1.7409840320617485,-0.4927837355443137,-0.3079079045802904,0.5603200336274521,4
-0.4935978924078218,2.338580733986785,0.5713360210137596,1.577711268789718,0.1501436832437192,0.4904054923511565,0.0052326723984118,4
1.395295970271496,0.6554326037307988,-0.3587225854018804,1.6780148692472334,-0.4846229348665706,1.979220320731158,-1.143904216836192,3
1.860352740653684,0.6220032878062197,-1.516242273105746,0.5551368773780521,-0.2849189434384909,-0.1686295700782915,1.7498691811787617,1
0.3771333087748107,-0.0414533425797052,1.86172098033543,0.2711131335281352,2.579726337398773,1.2093380585365348,0.4447401635928955,4
-0.240043692085537,1.1722334585584615,0.429551889073601,-2.1265536974995465,0.1879078218967804,1.185792391947282,0.6430117513474727,9
1.017773521261392,0.7219931275666408,-0.3311953796966974,1.0855732499481177,0.7293779267332186,-0.8009248876803646,-0.0502601581525299,10
-1.2872879697936652,1.1660897247479465,0.5136718208441376,-0.0533892536797741,-2.023842912524892,-1.883363029299589,1.09603267389626,5
-0.7958581904101809,-1.5738514443663063,-1.262996298819684,-0.1424069402282614,-1.382892679590167,-1.910661460888162,0.3492419355272423,3
-0.1559864848640446,1.035556036155848,2.232132106358089,1.3260514828490564,-1.389981496802149,-1.5811120423377958,0.9989670905494212,4
0.3124290145811855,0.5569376218396712,-0.7012662440420679,-1.846013919272628,0.7901343343664642,0.2826241810800097,0.8596342024969826,3
0.4607410405142148,-0.0002146492126087,-1.3721937000949551,-0.8252978480112265,-0.2413974733621234,-1.4388605209211105,-0.923324649862831,5
0.7645058412283331,0.6132515215780365,0.7831642712526434,0.3135772342684631,0.8886271814080917,-1.5542365439189345,0.4303121330493458,5
-2.08161450610131,0.3949298077157973,-0.1582260921833933,0.5437786917974395,0.6459822599258616,-0.81400014042241,-1.684998457779907,3
0.2945706141858534,1.944835991576844,1.0010621667438804,-0.5161928355244447,0.8046466933499133,1.032315534452512,0.8795120205800406,6
-1.071819363682304,-0.2770513092321621,-0.4538607630199239,1.047626205470725,-0.0728458422192798,0.0638620033571589,0.0025952756255465,17
0.3092945874984672,-0.8367577342755317,-1.064301591712532,1.318995478199855,1.3460397856977646,0.033099209417914,-1.3330767936553396,20
0.4595639816584663,-3.2650085309739136,-0.3152259167457423,-0.5596433310232225,-0.9076729956113404,0.1897540568748846,0.1716111255280787,4
1.2721242670692643,-0.2642326072680784,-0.5180712529181705,-0.0911700562983872,0.9673024893467904,-0.3623836757078822,-0.0653997486614264,7
-2.398660667490624,-0.5005941811213828,-0.0458660565486489,0.0386878788529794,-2.008290212176451,0.0447245808101007,-0.5233946731118425,14
-1.9096012947324608,-0.8880948538021266,-0.834915573669053,1.428201032808282,-0.069218674725636,-0.6919754026605758,-1.6877865203561797,6
-0.6163483378428501,-1.2304832254979166,0.9888647421957112,0.0221360139168011,-0.4359826198829695,0.7246494980519794,0.4195818403421017,4
3.0360670864069417,-1.0613612856195078,-0.6257561306493722,0.298660489907526,1.0525011060912437,-0.3022669603388307,-1.2326966476907484,5
0.9243243902429332,0.8945574495868927,-1.9564869784844965,-0.2451045800555005,0.5626774479332053,2.8435020413526515,-1.6837948909361915,6
-1.1149278491113768,0.8118791200709555,-1.0585961917355922,-1.9522131695709213,-0.305066456015638,-0.4604005257671237,0.0535832933808395,2
0.7536608944672851,-0.6510770333219877,0.3654377272885704,-2.171651731238166,0.2619484080461796,-1.534484026175729,1.13113474028548,1
0.4765851562973837,-0.9462299464931432,0.7449058457208443,1.1488583938186936,0.9631304813485916,0.9985624894294528,-1.1348407542633705,6
1.2758775594485898,1.8739595230170465,-0.1993091755987269,0.2131445415285315,-0.6233690936563054,-0.0525726430284209,0.8748683960618714,6
-1.041134990542798,-0.9389085511898974,-1.5309431514063214,-0.9864040128092132,1.0354512929381237,-0.3236271231928734,-0.7750597517568246,2
0.2602082003125675,-1.0554916255608526,-0.1125395260092152,0.5608232590377671,-0.3048091163023895,1.778401435038626,0.3922190556649241,11
-0.5831028517684775,0.0061992677527204,-0.1741938847532249,-0.313127361301813,-0.295114945896533,-1.0272307580555855,-0.0506795103095506,17
1.6780330551201907,-1.737169916637952,0.383108581012239,-2.1209585638747006,0.1561656028619157,-0.3708783810499223,2.468020623269485,10
0.2839453784864627,1.9422415123577603,-0.5529612054260509,-0.2674958415756661,-1.4315245776446657,0.059652287518153,0.759732865226789,0
-1.1430804600151987,0.328620192797094,-0.0195463814590931,-0.667202746289983,-1.0297108922169678,1.105294042713349,-0.4159209353487246,5
-0.4536203123317107,1.371113052517163,0.9167828765304624,1.2877184334585952,0.1212348083213809,0.2657161023136198,-0.2154680996632903,17
-0.2538880478210414,0.7862249888231628,-1.3111324595227771,-0.5451032028060502,0.7699924498354518,0.3529093309030103,0.757367869049736,2
-0.9757105052276408,0.3720531734845297,0.2685865448260055,0.8337769543072139,0.4229757990410897,0.519216047766971,1.6762403899392295,6
-0.8203237014626722,0.7594464280131498,-1.101557345780829,-1.083460313153304,0.6323196647930797,0.9041266081144528,-0.9328574824759528,5
-0.2512581374245231,0.698204041626611,-0.2615214526485718,-1.7361066358311554,0.0938519450505075,0.087986874082653,-1.8019538227404968,8
0.1617853822943653,-0.2079536914357632,-0.0904656842549627,0.7699658960614963,0.9170233889743972,0.230494673248448,-0.4614492375846315,13
-0.9324530386369818,-0.0960372063198103,-0.2935348057176432,-0.1398540959852744,-1.3640437731502832,0.1490774953980728,-1.7566694446262876,6
0.4949563154495407,0.4341588469813655,1.1467464838545087,0.6864244113131098,1.4488525632581064,0.0576538137235464,0.6904450175856494,7
-1.468040516111024,-1.6376914197337589,0.5171573112761912,0.51437396472498,-0.7675888986126039,1.5316086688100488,-0.0791866627280562,4
0.880481388894384,0.1893514571954712,-1.0240925577684834,-1.1813618274412745,-0.8045293437965707,0.4146761596002246,0.1590716985896932,12
0.0973867349368183,-0.4319410075409671,-1.982244005226146,-2.070188949563552,0.9123612392882096,-0.6198933231672917,-0.6376627050340098,2
-0.7363822729687629,1.1061215596868672,0.7742921935264657,0.7444034858495081,1.309219324509661,1.104784632899476,0.7170275759925101,8
-1.4530461516463709,0.3838946136628964,-0.8432527553983028,0.0516120169104062,-1.0114675437477143,1.191921425079984,-0.0166571555532742,1
-0.1852810934588945,0.0162689353940782,-1.3825553895166136,-1.2043889792271008,-0.895511403438299,0.1986651649033845,-0.7168089973765227,8
-0.3658148141059496,-0.7062935158973503,1.105126737985456,0.5359268384280366,-1.341681903248423,0.3240019986050551,2.2040186616281194,4
-0.0335924385888243,-0.4356832612883604,0.1102784181631204,0.0162720151918278,0.2715796154115826,1.1671157210442782,-0.6721859670101643,7
0.8559596271079254,0.1301528397645546,1.3070982090807284,1.4164273240928116,0.0550753483544815,-0.594173743081105,-0.0894457042424463,1
-0.9908901611692464,0.7339018557596669,-0.7681222512165163,-0.7627904421389445,1.131161397229408,-0.7596888926928764,-0.645182547579198,0
-0.4672434556628828,-0.3519338165532331,0.2443864802833504,-0.4216843044502675,0.2365376041958466,1.083647056315652,1.2246412007165235,17
0.3729470573329486,-0.1064263393049241,-1.4281371546065778,0.6381622517194357,-1.4146546384516483,-1.901584061562854,-0.5911963689157234,7
0.7897476376261149,0.6781977081744647,0.7859299556091635,-1.3629500096603406,-0.0679934570096726,-0.7349531051406878,-0.5569413080826858,11
-0.0293017159779175,0.2878705324196853,1.7661973519157343,-0.4187980582393728,0.1692344920800909,-0.9192521877552016,-0.1121094663131253,12
-0.0692211574858772,2.130778536692953,-0.4498293897356155,-0.0431453832119513,-0.5870823677461638,1.768747335961531,0.5918075432721228,10
-0.1420692277943008,-0.3887435637260443,0.0004309592363408,1.4990090608208482,-1.2319022126343795,-0.0437313438098987,-1.3838227383383357,2
1.5070623595790442,-1.8001297484560077,-0.3694563568507594,0.0504766440057853,-1.127260453002832,-0.5912460578374392,0.1382390571814771,5
0.7505218125568239,-0.3717631472091162,0.6856860154614387,-0.5922493085223607,0.5559577582618278,0.5337992313877594,0.8140763377968011,8
0.8320258520233446,0.0225228163218749,-0.3366817057293134,0.7964675471916264,-0.746167242824425,1.2798142141077966,0.193772431300765,6
0.4946609314261797,-0.92433635241025,-0.7381133105493108,-1.2751133720331471,-0.9499825177410184,2.2074156756667094,-0.479353902612083,4
0.1215037869618557,0.0892941408549693,0.6739385286744586,-2.339196572004916,-0.2702588883963934,0.0700178311604575,-0.5433864324663241,6
-2.3977932428507143,-0.7445995619885895,1.312116703737778,0.2741585488799382,-0.3553530161750979,-0.0381041171449396,1.673792231357222,5
-0.2851023021786082,-0.0941720194421495,-0.4099543361193126,-1.077843610766512,0.3243778339822414,0.2635612375077861,1.3266006139424051,3
0.2155726822408943,-1.5609837703950826,0.7660222531849453,-0.2625416174816242,-0.1811501010761342,1.2959245915626083,0.4417541201577387,13
0.0295642820861616,-0.0722962982209081,0.9318671374571554,0.2779074110048933,-1.3416904144545645,-0.1987580710901666,-0.2720868343847774,5
0.1981746480298506,0.0681047133792921,0.5364532380933951,0.3132318635664664,0.0954634347807486,-0.1104689778969271,-0.6845083328385015,1
-0.1202997279552127,-0.1184233463915318,0.3226761262851786,0.220525563455277,-0.8387802478810238,-0.2416057843544898,0.0448949801092933,13
0.3689913837453316,-1.4558544172981482,0.2321236050866342,0.0648058935722899,0.4409200520409053,0.1086755207213157,0.3810459539084697,0
1.6632166333153966,3.1031308639826256,-0.72322167628119,-0.1400372546590459,-0.5116040744124948,1.6434947431464986,-0.6291343151015609,4
-1.2904257604205462,2.014057072073021,-1.142142146707268,-1.527133433525698,0.5023294144295533,-1.189704444746307,0.362665991775582,2
1.0507062365135076,-0.6255014088654921,0.6843726336317594,-1.204117241885634,-2.9320732901820508,-0.1010452165875294,0.6582026055889214,0
0.4388579701015233,-1.3726450904344818,-0.4693708493372162,-0.0530404291247386,1.111182014720277,-1.2529597811785804,-0.1812229935327606,7
-0.714687243905209,-0.3256886366298797,1.850936179859937,-0.0280258696058688,0.321104110278087,-0.0505500558535131,0.0191074696014844,6
-0.2007030139509166,-1.7577364029854885,-0.5585299224592202,-0.8993500476877411,-1.0106421710069222,2.0306095622104987,-1.492573020395139,12
-0.1800919464998104,-1.861571117063892,0.6773085419794181,1.274595540748508,1.6537381044982222,-1.9170531018781296,-0.9341160859137256,9
-0.0543849524815217,0.6694476159197079,0.8243473688947114,-1.2949143796052145,-0.592638630435791,0.1052894500241583,-0.936398993832272,1
0.190600609297751,-0.6552214023902737,0.7566917824667946,0.8063050934525313,-0.2275906670270213,0.2062209313709044,-0.9962825071166046,2
0.933848827312237,0.8232114599661816,-1.0369499235442006,-0.7559957261149528,0.143613617718455,-2.6366312558192826,2.4952368328519987,9
-1.2162337722326195,0.0788924807479188,0.4625386226254147,1.6844677405930222,0.6151436934748233,0.5023751844040437,-1.2500541634304068,7
1.490388927157442,-0.3382201405233681,-0.5630395665106606,-0.0048935068113881,1.0831001613057951,-1.1400365705659627,-0.4358251410034465,0
0.1260528206490231,-0.5166455572949248,0.581622733698945,-0.2631824314261536,-0.2360798040418779,-0.2769876325561678,0.4703636998126799,2
-0.0315695983428548,-1.3489698147338167,-0.163664497799177,-0.1345598412009415,0.1423290855762847,-0.0728407856885796,0.535704977036609,4
-1.1560721139797725,-0.2989787555070567,0.3946882152766108,-0.6436295290312226,0.7509618916726043,0.515753693950826,-2.1760815369128244,2
-0.6763325290786203,-0.7001580371310427,0.9103773481685102,1.0924963013030455,1.051901972098896,-0.6437011223724721,-1.6370096373642486,2
0.8337319288221451,-0.5176171015604266,1.8439812077755533,2.0544385894557045,1.2948510993610898,-0.4393688860022531,0.5631356764544658,1
1.338409314953504,-0.0602514863655424,-0.2646726971316649,0.201380792285428,2.384229191866267,1.2564765282023125,-0.053081624348452,0
-0.8760298780221115,0.5416770402123258,0.0854854614776435,2.453003117483424,-0.6800908493342221,0.9394925880409492,-1.0804426040361874,1
0.7472088853307332,-0.3198320255622205,0.3298253714359703,-0.2641429721094538,-0.9776115751694088,1.324209823923798,-0.7151039366534874,5
1.8184641698392352,0.3647115345015688,1.4045666743895528,0.837891050812754,0.5808171640403965,-0.9419905809575336,-1.6696849053692744,2
-0.441016859548327,1.469744001095181,-0.1505308342589974,-0.7032796784640218,-0.0180359264901081,0.5491467813259536,-0.3656139221548937,4
-0.319094847865313,0.5705259218771135,-0.1053795115927949,1.1389395328971073,-0.0802138200807656,0.8491413989762446,-0.3906577476125443,14
0.7673805135289442,-0.7369012501725709,0.073777730005576,-0.8587023347747826,-0.2082464023524645,-0.2539250571744313,-0.0304819843469435,5
0.6180869849039955,-0.3050866372027922,1.6594470257574028,0.8028306469562776,-2.144159001530752,0.1272445591292598,0.8620006331407705,4
-0.1934012548513786,-0.0527212648409872,0.6681756702816378,-0.5387872603287104,0.5114996333808608,-2.266554057754976,-1.1545769620873658,5
-0.0310393701862034,-1.398243396176321,0.8905176580723407,1.7128470555698183,1.7791868370642612,1.1432786099143026,-1.007609008297766,7
0.0274661826967804,-0.7267452524398464,0.4766199110220637,0.384314334338752,-0.3480699962981094,2.4830395692649945,0.6758730437108019,11
-1.1879183735573873,-2.2328071113919896,-0.8210250187521141,-1.3867421580708337,0.2810046179852942,0.2795163253497417,0.4399961695854736,5
0.8634546714235821,1.5895806505616097,-0.1756917131693224,1.159840321005129,-0.8547656542295673,1.137884428680531,0.3870196178042299,6
1.0375751027552746,1.0646745896791188,-0.6870502914118888,0.1002706550015017,0.1107959013818411,1.211334439928384,0.0549740805498901,8
-0.8006925583422588,-0.4049788940546187,1.2690430483126538,0.5737974925883326,0.819285569304769,0.0744580010472661,-0.8455934381889149,11
0.5291733082557198,1.2056769514929422,1.3155458736862162,2.108567246254045,1.1365327240409944,0.5118333395777939,0.3565174904223811,2
-0.2802196233631526,0.2797105905788571,0.6987099621759659,0.5412873266038625,1.3494213407535334,-0.0664032516633185,-0.0421334233915863,3
-0.6914388806477165,2.2220272899284788,-0.5165059803977664,-0.5237371851468402,-0.6181100448815385,0.1444398835801258,1.720634614706731,12
0.2916917334769821,-0.145111790572553,0.0471807941595535,1.5356099353025443,-1.6376118130203845,-0.9169283516105664,-1.2083326768699425,6
-1.8095178031880053,0.0539938023998108,1.7550241521703362,-0.0579162766273205,-0.6975142895929818,0.8943194563010965,0.1371846925372926,10
1.001771410913808,-0.0302178436562206,-0.0011016819578461,0.7284532657819757,0.3925943774376199,1.1688403337392717,1.1941948499719304,0
0.6892944299560376,-0.413509505324021,-1.998859465243996,-0.1094862784933073,0.8117716307535586,0.9501916887584436,-0.3011735912316908,8
0.7481173113986328,-0.5073677065907223,0.084177337849408,-2.1496581919066315,0.2367472085670675,-1.5331871774539156,1.1332582074725697,13
-1.2838591812464788,-0.2231246279682084,-0.2689379461640571,-1.1326687834758211,0.3414840695421265,1.4491365795536453,-1.1480760182882706,3
-1.4176360000221455,-0.9713537318016257,-0.6797786466326242,-1.6634416266938032,1.1849480584671677,1.280836318570702,0.3339760341112288,1
-1.1885494858946486,-0.1952921099964672,-0.7168833327615458,1.458353095193034,-1.8710795653923813,-0.9380830674193518,0.0981273384338715,4
0.3234195913177994,-1.092486354827117,-0.6606838005247289,-1.2210559060089303,1.5949704835978076,1.102430947574872,-0.1474520385152272,5
0.6486688998856183,1.5219551995314684,0.6850060856598983,-0.0041946435825379,0.2315416106842041,0.6222367305824795,-0.434835084692669,1
0.4619566977110676,0.2187261834403484,-1.076026601930044,-0.3129010620480744,1.0997653784063472,0.8869924609931388,-0.6042969591905856,6
-0.1227624928355026,-0.0999489004145487,0.7401867668046689,0.8455667939192711,0.0166250366969085,0.6204574887050149,1.221602938844699,3
-1.1188778721567598,0.4717623657836416,0.0794411096839044,1.6988463304964452,-2.042003242123126,-2.5445951695009903,-1.3870268080671406,1
1.1460897197107396,-0.8149218526566444,0.6395733691659793,0.5209016419072119,1.2732363530450337,0.926166085458744,-0.0879793625641798,0
-0.2483816893303854,0.5094809347738513,0.7783837916636075,-1.0855538289832187,0.2845740727615523,-0.4019238816007376,-0.4139262056710649,4
-2.0857743529488584,0.6430759652116937,1.6825810784633752,-1.000243330769239,-1.0090425991826586,-0.0948224411611775,-1.304846692745193,4
-1.2775810299208097,-2.85698140413474,0.3639938079605408,1.0847822127864273,-0.3243370448279499,-1.1996883959607345,0.3364908535293714,6
0.5160193113417508,-0.6432616851566153,0.5723876587718406,0.4738271258607491,1.7322071797514238,1.6265752699497549,0.6620383515424698,2
-0.7841307135655755,-0.880997792974902,1.332077912489359,0.0382307559190149,0.3146312901460673,0.1582595626772382,0.588253009801769,2
-1.1649271888655106,0.5543981982963808,-0.4967217274852047,-0.7688107140061606,-0.8895944915203325,-0.0418183162473559,0.485269211490664,3
-0.7409506623299215,0.9969524087692976,-0.5522927564809939,0.5221440086343017,0.4755873014186443,0.8064774260666406,0.6254098915048018,9
0.3108333593535383,0.9586088789979902,0.3979649860474328,-1.3472297027120137,-0.6835254343651277,-0.1247925549182119,0.7116962323151377,5
-0.7946547606042744,2.366295653237088,0.4547480471902312,0.32763062338127,-1.2391586393641367,-0.8711141985798806,-0.8046947205479098,6
1.121669668988554,-0.5120275246103062,0.5311536187226876,0.1178851613130784,0.4132800831286844,-0.440038637038399,0.252319004328437,6
-0.1669200024665924,-0.0087103128341114,-0.0465010428787602,-0.1544364781269032,-1.0599680578799653,-0.0316506555812428,1.9865912821522904,11
-0.790033689219949,-1.1348133240426388,-0.8888808117022944,1.063625388693597,1.5757411070545075,-0.2792144838339464,-0.785560961212197,13
-0.02713579776917,-1.9286810144561204,-0.6702298724962356,-0.0269487440856247,2.1706060908376426,-1.5209293388288394,0.931851424190388,3
1.645050203879568,-1.5460770066794978,0.9928112426710812,-0.3644268657049495,-0.6225894537985825,0.1334280218758529,-0.0866278841162302,1
-0.3315376136417706,0.324554320093793,-1.6942270886661983,2.061306912081153,1.6931280119429624,-0.9021478190161308,1.094363717411854,0
0.5210690291149376,-1.1851252688574014,1.8642486216151708,-0.8198496157253315,1.5957304182112606,-0.6721762997575709,0.0649282303077788,7
-0.9738729961406968,0.7055564066848691,-1.502167537490809,1.1250649768498406,-1.0236281335491206,-0.0617989744247055,0.1269444415480038,14
0.8341728119588049,-1.282964417073433,-0.409360301823815,-0.1773131548143125,0.3324575429717539,0.4320388991760771,1.8682582072969447,9
1.7498025559863772,0.5196261516473522,-0.4909181412004484,-0.3060030201092167,0.0915249297642711,0.4319904474413934,1.456244713659478,3
0.8133208270054233,-1.71367392899267,-0.4228041091762984,0.5630957998326118,-0.4584232358693275,1.1587319393236044,0.738403174624869,8
-0.1977670932426966,-0.4323170011048033,0.1696492925325783,0.8920342495121197,1.1309630907903605,-1.7697561695460953,0.3222145532384505,7
-0.0349201187132524,-0.4888897890944046,0.4416980763504614,0.8350291249997933,0.1751005115434554,1.0652756899777387,0.3506533688821144,3
0.3875703084864185,0.10125396979975,0.0429185033711575,0.2914893340277216,-1.1518492558617064,-0.7996526550705871,0.2684316629202792,6
0.785396623265761,1.411137425077566,-1.3192478767263198,-0.7762891789916634,1.1273439137205203,-0.0065790872618743,-2.101423844664559,1
0.8976402315517842,0.1728520187343618,-0.0638382602135238,-0.3598463609780362,0.3028965610412077,-0.4945820380186123,0.7276109622554119,11
0.7132770499103143,-1.9133662543593168,-1.6348691392366883,-0.9934134304690336,0.7902498917850594,0.2838688915278276,-0.0653881507942969,0
-0.9133148809781896,0.9594062824769224,1.03645692941857,0.1858154915820961,0.7833903749837063,-0.7045868033049447,0.3291793577115708,7
-0.0098571474226523,0.7499760392871421,-1.4339866588087098,-0.234155841805555,0.4130475929385653,1.1249471545184933,0.6798037467712608,7
0.1642400642838146,-1.3669215917345674,-0.6575174707750354,-0.0009361813519066,0.1132265941668625,0.0231677882645808,-0.1576284409123588,0
-0.5366340306627237,0.2630093047576569,3.030059443008821,-0.3439373177081459,0.6184584142671912,-0.2566441829097116,0.4348889166190494,3
-0.4267954342006718,0.4926948141907054,0.0053930789832338,-0.3806696703749364,0.1963697060568517,0.5905763694972377,-1.3715436523253772,16
0.6619079573599471,0.1506110598577269,0.6730417402952947,-1.837066219945523,-0.5831066410042128,0.7729018961565299,-0.871857595737912,5
0.5197978859374568,-0.2106774686512758,2.143504768657373,-0.9024397349468384,-1.5939038041452132,-1.44554033526424,-1.6828137169291026,6
0.4925311243144552,1.471655833805193,0.4635160106712103,-0.9995589717903092,0.4592873118376907,-0.1139843714367143,-1.6189155786756726,4
0.6427063870711697,1.1363553876315104,-0.0134489165523596,-0.730472625479339,-1.675563075745568,-0.7968975141965865,-1.7770913301726663,7
-1.169533360349592,-0.8138929956938514,0.7801770663768963,1.290646222765878,1.0928745119572123,-0.504018075248765,1.7105357239473131,7
1.307484669089394,-2.86046720562935,1.0542973935518265,-2.183870347629437,-0.613523609574828,0.3314348451332624,-0.926632327353306,6
0.6419163320992377,3.059510727970729,0.5296766452032773,-0.6329930460431219,-0.4896541064825738,-0.9547881272776308,0.4071143115462856,3
-2.379150935343431,0.1591149321464764,-0.6544081067387757,2.188460666568911,-0.2715922124469521,0.952468810548218,0.4234048550569529,10
-0.5367764099750824,-1.8664728898931533,0.8007361009573112,-0.273585340205787,0.0493270448296367,-0.5636953610428563,2.55672989954236,9
0.4143728022350554,2.122134160052996,-0.8156046036499075,0.8561764448334213,2.3909454847844103,-1.52673580623598,-0.5095963631139447,6
0.0066384911886277,1.151249525371307,0.9117496048035166,-0.6226375596017204,-0.2091762067365213,1.284637495635054,-1.332621598836787,0
2.224298147726701,1.4826868059502332,-0.5099255909179673,2.401982411120446,2.123496117844231,-0.0735808177595296,0.4359159944735999,7
1.4422110102597372,-0.358566042603343,0.2774941479011437,-1.1413408731266408,0.0004998562381451,-0.5154532943431942,1.9313021293276305,8
1.525824568905673,0.9381763116024302,-0.9681979322549032,0.503057692808209,-1.2200569011123032,-0.7602230257124818,0.7264957967496251,1
1.2235892396226813,-0.39560991142393,0.95937436842693,-0.529197326638508,0.4307385955338961,-1.293462936011569,0.9923608958033352,8
-0.5749015426199269,1.0230432828776428,-0.0814887642618499,1.3679121066303703,-0.4474098226160559,0.699175789176121,-0.9992960984627411,5
0.8809190553794644,0.858509565728723,-0.6814828886949054,-1.5350421775531875,-1.001166984461141,0.2786256111160188,-0.3025400478183671,3
-1.1263445592543415,-0.0883165539225918,-0.4023928898034242,-0.7531535947370739,0.5532731746162117,-1.0597323876436548,0.7839903111816741,2
-0.3798785410526123,-0.4994525090872594,-0.3051571760552007,-0.98837904518824,-1.2873398942895398,0.5627209095429067,-0.3952740881348783,4
-0.5243668545906717,0.1164601970559885,3.0832984484454635,0.940242548251395,-0.7906175891416147,0.2748359313062878,0.1710258593145101,9
0.9679853296924168,0.4356664283739911,-0.4113268731315673,0.8310243464409391,-0.8661010075246723,-0.5562163284078737,-1.4523410016133178,3
0.2279664028808917,-0.150812762107386,-0.5759424322800255,0.832305158394449,-0.5012905890117182,1.107183862119464,-1.0419972349118047,2
-0.586376135856449,2.74494335429609,1.0327498243742357,0.2704728315875569,1.3665878685932449,-0.8467850886195344,-0.5048267044590355,1
0.6935771427389571,1.3903969739531237,0.9383873001068856,1.7761068259492163,1.7543614150782822,0.6877150089532367,-1.0648982240522875,2
-0.9693937667940948,-1.2257010204938208,-0.2362838952384479,0.2067867408341696,-0.5977522382540899,-0.3359359167833264,-1.107728886550264,9
-1.00512495547971,1.0619021934035917,0.4223746416390248,-0.1650126659879631,-0.4222801980670058,-0.2554806552876681,-1.8449933658679123,3
-2.388651848496103,1.5141578115878966,0.1928053750467048,0.5133786575178083,0.0439397499459697,-1.53113524870007,-0.529561702897349,3
0.792390382391823,-1.6481575232035486,-0.2008304278905284,0.2523635440526718,-0.9324854056840348,0.3648451572936205,1.3051000503612884,5
-0.4103665607970548,0.4150776838251376,-1.3301411960439629,-0.2420763026113815,0.1263129718602482,-0.2440076591986063,0.1436319480062843,19
0.651807602446915,2.585401966229482,0.7337653318067185,-0.7842781812900734,0.4141333892815058,-1.0051171973346025,1.284380234720096,6
-0.3374314222097304,-1.3673727310589985,1.3549413476651306,-0.966672599556453,0.2114473519642393,-0.081903995263231,0.3587517402148495,7
-0.3347494128447334,0.3598438267328668,1.6576293132268891,0.9539727071625776,0.2709812868632303,-0.3645995443809373,1.2866469316224354,6
1.1157200942456966,0.7027621825115272,-1.3009863919514248,1.3017543861205283,0.3563683118674842,0.4547995987285239,0.4180296247600448,0
-0.5234096939980929,0.4325042173649909,-0.8018712595014386,0.0389778720205105,0.3792180216675429,-1.6536553695506195,0.794311183559028,3
1.1458030091964746,-1.3232104203082136,-2.093014916151362,0.9664336863699364,-0.4718005728963281,-1.102418616848995,-0.2026994014433361,2
-1.3145871906899729,-0.7419950973861178,1.2615516866654373,1.3469445527125188,0.8937562104761712,-0.5945862394096201,2.0829663809558574,12
-0.3404509256542477,0.6554229255478619,0.5809078772913976,0.286091920134468,3.1429598056084744,-0.0379217119624471,-0.4043873583361846,6
0.4617866708434652,-1.0906138375170074,-0.0581132580252873,0.2877743746638652,-0.116752929040112,0.0889944523305682,-0.6295771474636864,4
-0.930325692944916,0.0159985550299497,0.2535397774521908,-1.1265817314366395,-0.1877621940094364,0.4877348896790126,-1.096478038860538,9
-0.1955757668410011,-0.1097330152945926,0.2889198266734449,0.4672248480987863,-0.9193422534170346,0.9596838553640326,-0.2148994578104659,4
0.3204527860801,-1.7318183911992775,0.2653088888704731,-1.3713466549563036,-0.7944778294274469,-0.5115363820180011,0.0889450153182129,8
-0.7882490577031288,-1.91407012295543,0.4512704899782257,0.1361721118479116,0.6508648146987421,-1.1956065062161432,0.7662415745407074,2
-0.283022968827589,0.49374170826169,0.8274342654716156,0.3579465413129609,-0.6092756624926577,0.6905065413610322,-0.3449439114731876,12
-0.0670323244291329,-1.1158021789763668,-0.4074889080707041,-0.4357986170441378,-0.3929270169491254,-0.1355779918432154,0.8870439420688804,3
1.6940660770731726,-0.724888855688298,-0.3714222886913834,-1.9726597572885467,-1.0981232983187206,-0.5020441477896394,-1.5489229910783189,1
0.5687362032070991,-0.95512225314255,-0.6184194812187338,1.606832927531697,2.365892222934145,-0.4486632558149758,-0.8014242311810056,2
0.2356871110348847,-0.4389075073937775,-1.0440245013891325,0.7384492180683495,-0.929221701223896,1.4483963718807236,-0.4009372490333602,1
-0.4003402986814734,-0.7585499987098105,0.510493731180235,-2.766138735466339,0.3559993198514202,0.1093376540988377,0.0045497371313012,11
-0.7597449037968456,-0.6309954557576919,-1.1126980379714235,-0.9941199224532976,-0.7976319777055346,-0.0588821317530234,1.3772166902899974,13
-0.1911824965788191,-0.1281469028560329,0.0369668172577286,-0.4668853965240722,1.123780389404727,0.4170313702256011,0.841151431285014,1
0.5598894155408661,0.8788670593927466,-0.3370405904901632,-2.170419842910884,-0.2667564075424447,-0.7994799671215063,1.1916737288884602,5
-1.189022408007231,-0.2338304934159139,-1.6545224621353,0.4641002329326095,0.5873875781105752,-1.4131576753085862,-1.728743316531776,3
-0.3837578430100065,1.7510895707007716,0.6707812858875383,0.5869011091673002,1.3193448405324033,-0.9009425316593276,0.2460849933175891,12
-1.0210383895506834,0.0462209397040253,-0.6103304918566127,0.2216028732558744,2.54753452751195,-0.2388096139018201,0.6084597088061463,17
-0.2666177020564931,0.5126147330698716,-1.5964440892156868,-1.5026764090747249,0.8691697195726509,-0.9598239239496652,0.7708428289615241,2
-0.2821372800695761,-0.3959871064584598,-1.4742933271447656,1.2926337462104494,-1.2821453740629358,-0.640996093928739,-0.6922412754479143,13
-1.5300418322834413,0.4695213052824397,0.2095667581631876,0.2748941549310228,1.606168002698824,-0.5473958934035944,-1.36533409127676,7
-1.2210886649281063,0.2987335251693048,1.224562140490257,0.1447007703791263,-0.938673541131903,-0.8737337683910327,0.392025216775327,6
0.8002334905575096,0.8874286320255537,0.2164427200180952,-0.3504721670453898,0.0216788501786869,-0.4492632772886713,-0.1002996436546457,3
1.0129116232554352,0.9413222553103574,-0.5131017412678951,-1.5923060768543198,0.1863824700475072,0.3072566713644195,-2.439500237474383,2
1.3702117227779231,1.0563139687217205,-0.1526662644019256,-0.6996654048252476,-0.1889626173826832,-0.3957359077048812,1.6236449042202128,11
1.6478956883787244,-0.557239523758146,0.4540060853661472,-0.6458709380064145,-0.7123270457244608,-0.4228643293882776,1.7821711955136488,2
0.5293533444258384,-1.6125203200380644,0.739884272324935,-0.3275313449739689,0.6077669225362153,-1.1912371156007446,-0.6567618558215894,8
0.8264875984093192,-1.54104942357366,-1.2061185572891904,0.0381652527500035,-0.0133825217131351,0.4170290375678793,0.7027989909495092,2
0.8203906777555685,-0.8312034987874608,-0.0617050500288736,-0.1216514231914956,0.6348434419753114,-1.5244946334266862,0.3655768569652962,6
1.1145758583885046,-1.2105420510520646,1.0574214427489883,0.6002073180040388,1.0440997677705537,-0.0116804288921209,0.3294722962877704,5
-0.3363102443975861,-0.1824066765333505,0.6979773956672224,-1.3387131345384398,-1.5682604479576163,0.1014561163975887,0.4825160027360406,12
0.9519521702186564,0.1431334356711318,-0.0096110467474862,-0.7812467836996623,0.1939403833117174,-0.3108173267126936,0.2984267360163683,4
0.3456494689123398,0.8466576770029288,-1.0329705566603675,0.0166254988760891,-1.9140695602958784,1.369883153423598,-1.456089965477876,5
0.491102186122492,0.2622203486743414,-1.4225886712567344,-1.297772374301458,-0.3580870467145129,1.3157987314099715,-0.2069768717654801,4
-0.8448522040987445,-0.6647823584962002,0.4268053498934546,0.3861984550928866,-0.9180083375906772,1.832991420144353,-0.6198872210101138,9
0.2166156647974963,-0.2820655527021553,-0.5745316006010913,-0.3001933852897581,0.4198268514259933,-1.6462089876618775,0.1683333520659242,5
0.4834057420020001,0.3150226886605381,0.8818834112646079,0.3445661642700513,1.5102613324453396,1.1982356575523374,-1.193115952424192,3
0.6885907461901899,0.6703750287726316,-0.5881413221687147,-2.1314668699884782,-1.191472504418488,1.5636215538010474,-0.4779343605581759,3
-0.6217055490608873,-0.6171779710356965,1.5430108706379204,1.4349937598427305,2.3270873839499,-0.4227683923426274,0.5171569154478765,0
1.3304901843233774,1.3441917808561366,-0.1593028511339794,0.2287584497270742,0.4309456606211856,0.6332766606605544,-0.0134301856746295,6
0.9066076122328968,0.5702002379076738,-0.0159803944492564,-1.4755555234230724,-0.0478696070143644,0.2143811236249712,0.9816885236963662,4
1.0289006161974223,1.0535237452383213,-0.355525570993382,-1.783329652037794,1.2235227365977297,0.5990801674782358,-0.0181386143090289,5
2.278247690479539,-0.1816506823098319,1.897451825931384,-1.8486724823498275,1.2827035623120506,-2.203076536095519,1.5222943676275908,9
-0.4210382283720658,0.8806117992911214,0.1178069357137939,-1.2783581310264136,-0.8144180931558039,-0.0718338259961919,-1.076138825368875,6
-2.083051185283919,-0.7160629738803105,0.2895125912820782,0.3399934792712456,0.2059848678453441,-0.2041009907029123,1.723411270350873,9
-2.347572456118515,0.0946672005606373,1.699051638201084,0.829848368753672,0.3899178992643545,0.4465696795674555,0.6061552319201001,5
1.3118709787485716,1.0921506700842691,-1.6738470627974693,-0.210689214507131,-1.38452213854373,-1.8972311597601657,-1.005980888505631,6
0.9303708564798048,-0.7252115279547039,0.0948973011658221,1.912595855678348,-1.6399694715992212,0.3274130598132203,-0.4985315135119318,4
0.1559189113270175,0.841123570739551,0.4364641710594644,0.3509371426093577,-0.6069155151938401,1.4301626442705442,0.9840639490592044,1
1.2232282590560115,-0.1398919462367095,-0.8395437517693957,2.9072678936797973,1.3368168227462942,-0.585138719513277,0.2253685552142907,5
-1.0211950779194523,-1.49562514435618,-0.1591868195585244,-2.1742673286143512,-1.6124413680919385,0.10571991778326,0.3706632576574631,1
-1.3281586217682506,0.3330722273046859,1.069279072462494,0.9350002873751756,2.1084956676157,0.5231405900100489,0.3461747835874041,8
1.5369024492200054,-1.5275116450477133,0.1820528971112544,1.8211099978446363,0.0451720566216577,0.2854670500768272,-0.5884163390350974,3
0.5864996825393342,0.4798565600481466,1.2232963149247562,1.147982229456784,0.1658092057047233,-1.1386528282551889,-0.1286926379186367,4
0.7365343597584124,-1.284874603705511,1.1884333649507308,-0.1878690650426158,-0.6624249048193549,-1.901875547178904,0.5714061944805467,5
-0.7009006254847682,-0.4403871209604932,-0.8255272215606075,1.0871316160792313,0.0537654440301949,-0.3117066567521535,-0.6592482495854682,7
-0.7993759552784082,1.6313855411102811,-0.1083146523083997,-0.3515616845704846,-0.7964605049798852,1.509034261829158,0.6115525509488995,14
-0.5384190037210616,0.6257008045207387,-0.2366260319819674,-0.8744299492445688,1.217857852512558,-0.0873150692129402,0.0004798944964573,1
-1.3078879109387265,0.4951371636629772,-0.8748134729329173,0.2702100688114944,-0.3550243845667446,-0.4555055477933341,-0.3473908397343833,8
-0.4295982726322286,-0.7992341561931152,0.3113653783849346,1.6296223942660388,-0.6838062411939457,0.8635533249009515,0.6602252442572271,1
0.1980526674556597,0.5458951014974858,-2.17700951643422,-0.8242091745568033,-0.5775664227255607,-0.8931859025509776,-0.7379232343673852,8
1.0983876381580615,-0.1219038665909838,0.468431688594045,0.502152282254018,-1.5732198915425024,-0.4421962423109581,-0.2094419155396873,11
0.8147610878376484,1.2056989097851307,-0.5665234561138358,-2.120390885451773,-1.083663807351049,1.0237909796057132,-0.3044324468276709,3
-0.1643550807724908,-1.047828387206266,0.529073197744184,0.2277056150598319,0.312182972349805,-1.182754699044036,1.5138769154997482,4
3.066782720748514,0.3384737029821152,-0.098414172787877,-1.2146870955150892,0.5462889556726226,-0.4036937436449289,0.861443922069552,6
-0.5071318377845181,-0.3596239344648123,-1.0756740196827228,-1.0252010506415057,0.8373385980170898,-0.7606366911982597,1.0864841596393129,3
-1.6650873624134483,-0.3953294302187262,-0.5055409021659881,0.5836364839177108,-0.559219541253472,-0.577710383064574,2.488169850595258,6
1.0639778101169914,0.6092005749009145,-0.2472276565701693,-0.8531523048880627,-0.5680913124910129,0.2365044942443656,0.90096039949683,3
0.3441279226981916,0.1828775871935785,-0.1667612385877542,0.1311769538018594,-0.8472463688035575,-1.1697161486379624,0.0906443710331149,9
-0.6811360957688969,1.7148811859974973,-0.6047880506313572,-0.5526025565628087,1.4239846375240224,0.6626326935250144,0.4681649499286654,10
-0.7278015463247255,0.3726624245009397,1.4931462977851295,-1.481517456256216,-1.61663366805599,1.4675362694564114,0.7300632400863638,3
0.4747678966333845,-0.532423240063864,1.117454154945383,-1.1513193434229032,-0.4038991946322076,1.248871781680524,-2.136526271752847,6
-0.6462943251563278,0.6712244516451854,-1.1716556179737798,-0.1840297132690879,0.709960760298596,-0.5609189854958152,-0.0164446860203453,8
1.1391132672746531,-1.0968582632869326,0.3759098347458453,-0.1577613980631625,-1.1733558649980556,-0.0456096064563588,0.08940275155146,1
-1.3609858710256824,0.8867506690947274,-2.056645031950964,0.9068195258105852,-0.349110718068118,0.5128885696365408,-1.4950664737521966,6
-1.4652204411939824,-0.9680440753942154,1.4418317429857448,-0.2886951490906109,-0.5003043018408642,0.735407588328704,-1.367085883760985,2
-1.991728480575784,1.929189707470783,-0.1799004920908364,-2.684765537275025,1.1409242428585715,-0.5657736695671609,-0.2461038428122114,9
-0.6902407781080421,-0.9325938723094848,1.1673513055749904,-0.3774905143483459,-0.5939280286167048,1.9717127718614025,-0.4569223515794762,5
-1.2187415675467457,-0.1439721863797088,1.7636795330637351,0.638055286995458,0.8330183385274279,0.4556618984005643,1.214567657554751,4
2.330764529940052,-0.3538635901932061,0.0568328175446444,0.0052128716212378,-1.838656659601528,-0.6207535815237335,0.7168739065788462,8
-0.4088198172458978,0.6361086379528779,-0.4864874915021358,0.286330436496034,0.084804049790396,-1.3774290445633548,-0.4676489612654875,0
-0.8085116118486676,0.3958653957084279,-0.039514378492582,1.9391008930264009,-1.003982775120817,-1.3031600930271514,-1.151544653765841,3
-1.3502078440911132,1.8403255030003944,0.3411865463243419,-0.7456766661499313,0.6909314403746594,0.8970989867431343,0.1806085079808804,11
2.3026420260089795,0.0604188388625946,1.858124492562045,1.606858697667082,-0.8358834738574755,1.5131983721371718,-0.4525409808279308,8
0.6988907543635008,0.5635851398139461,0.8836971477242734,-2.32191263306214,-0.1357117191127639,-1.0688668106333157,0.517359937071417,3
0.1352978839130361,-0.0737704048629306,1.353822219840772,1.0302054880523226,0.1029056522729733,2.091647558307349,0.7494017032113957,8
-0.9990864180547891,-0.138138171229171,0.707740565771627,0.1797962270505518,0.8362629711310388,0.128143074773,0.3897100362408825,4
0.592542208586478,-0.2897849850908622,-0.6177820739041163,-2.057003161724102,-1.44453756048092,-0.523353959682824,0.0140203419485223,3
-0.9513483434511214,0.3876876385697277,-0.7262159284773756,0.9840216747734544,-2.0108174576628963,0.5794108044769953,-0.2326953116556411,2
0.0453445290349303,-1.487458129939452,0.836755970602487,0.2944285081886529,-0.5475990284958885,-0.6643675121155858,-0.8730247437455366,2
0.3653210217746352,-1.4719388768242154,0.5212873215930179,-0.2002557665277421,0.8628423473265865,1.4297578071675543,0.1574928852342925,5
-0.4742574839732314,-1.029055292159928,0.9214283999103204,-1.1273338316484212,-0.1733554435191172,1.156164435698383,0.6037624318126659,8
-0.4425690116772487,0.128232114993301,-0.5221357765528011,-0.1594028875017344,1.0815713317458824,0.6391374155209422,-1.4604389234621842,6
0.1744884753500146,-1.2619639893754897,0.9176835132485716,0.3217745120314855,-1.0106211868092514,-0.0012612013650182,0.4340266340735588,0
0.2165996071984876,-0.2911106634573341,0.7961461969960284,-0.3986273855110406,0.8580876743768662,-0.2390705077977863,0.8617976072624021,4
1.0013788551057206,0.8385404830818027,-1.833706782775025,0.1681726686773582,-0.5521009290808341,-1.0063554888708814,0.6033693119730048,10
0.2452608111360808,-1.4964319462145266,-0.8988102026513599,-0.8244224724124024,1.3493878654135298,0.5947528502608107,-0.8862350444443817,9
-0.7265967994341843,-0.7409899647309754,0.7872182453295806,1.357475431259757,-0.3645942168018841,0.1543227446138321,0.1862565462649509,7
-0.5685134682951938,0.1453245172904819,0.1820303097658796,-1.1757383275709083,-0.4140532114582422,-0.611611901164709,0.3255242284928332,4
0.344881859772402,1.35431113400923,0.7101704621677026,-0.8208393947404806,0.2874181793235527,0.4914593848097345,0.774758728144407,6
0.1798578151694273,1.7160502211253732,-0.0750325796675575,0.8810589487366215,-1.0762471606094124,-1.5329816862734218,-0.85479557358863,5
0.453236410608469,-0.1749005978652179,-0.2070505827914699,-0.8914979860064303,-0.3362826866921281,-1.462457102001166,0.5687215222255391,7
0.0407852416503588,0.3351506436585112,-0.0958060368210301,-0.1559554410518857,0.362609320810925,-0.0282877098840545,-0.2338809243448099,1
1.2227580311198385,-1.856314488267681,0.3913382084639848,-0.2219947365938251,0.1328355261650833,1.5295844177247453,-0.1305893923882161,10
0.0539929266658084,0.4713829459303863,0.1719510197322273,-0.4752833398179675,1.7531102694098426,-1.2422212590968624,-0.3076489602187018,10
-0.5741460611683155,-0.1268460559793905,-0.2136112471665126,-0.4210196626955326,0.5869139208924666,0.0719687619189971,2.334924756508034,6
0.070141302709286,-0.0939263898788775,0.5465364912546531,-0.0632449472318632,2.32422577143895,-0.5465289693189777,0.0403956118726094,1
-0.2338051484841237,0.1679485190430082,0.6239276652285451,1.3269989018367698,-0.2103961304980521,0.245010117442778,-1.483774797190215,8
1.2335900013619552,2.3177224813071025,-0.5701941377359219,0.3455128048744897,-1.1562652883385638,0.3041928005174358,1.6113956045434097,4
0.3839887716309249,1.3590743757182548,0.0860068616042266,1.1845330134947456,-0.0565306537849996,-0.8737251031544794,-1.3148402867948807,4
-0.9517968039863036,0.2442128443260118,-1.6064843638867006,1.329600220287271,0.0573238062222782,0.1271998484649336,0.2703314364299383,2
0.1244195256077146,-1.8032433078026289,0.907018494033191,-1.836460979754824,1.4776269015170396,-0.9902215350555398,-2.477972403108503,4
0.3344659475388549,-0.7254489590672236,-0.475469280596719,1.481958123972304,-1.544648830804728,-0.7247353779038314,0.0877067136724417,9
-0.0499013321500011,0.0041267664496611,1.3286824106238184,-1.8991779483967688,-0.7060047231710397,-1.2974039525843026,-0.7472521660711307,4
1.5971961728656623,-1.0054527647388571,1.0222474814259737,-0.0441741740918254,0.8210495922830727,0.4876173077826606,1.1222876047402346,1
0.1817049024454987,0.5023527408016604,2.7930634413036075,2.8428821171296,-1.5872346914146918,1.3801757757513708,0.5693004238808143,8
0.5994387451149882,0.749118932397867,-0.0973680580498787,-0.5696330521597108,-0.7092313817937737,-1.854958779384568,2.403556053865972,3
-0.3533719837036063,-0.2210086205437826,-0.9681809781057727,0.1663496882614502,-0.7398561673073915,0.9975836474454084,-0.4994727198383619,0
-0.2657242256284833,-0.3596200341338267,1.081458105580469,0.1025075889515252,-0.578014542006344,-0.2960048696108025,1.6627675972639304,5
-0.0308199610213701,-0.924206795089984,1.34672810075323,-0.6132946207488928,0.7317868532806626,-0.480599130761904,-1.592769699227215,2
-0.4105002027253354,-1.0659495900280298,1.0276850967138451,1.1404091387167847,-0.5356149913973669,-0.6661277761548674,1.2167636773475925,9
1.5856223908635727,0.1107258440002647,-0.9040453012694486,-1.1937715560032078,0.6226145260744026,-0.1924417108284057,-1.9515740980774257,9
0.478955020170339,0.7580492727558028,-1.7565949333065354,-0.0239855176155313,-0.2249048206038494,0.7355463362337737,-0.360754279470702,8
0.0386633761263511,-0.8216031403486723,0.26532684703945,-0.7931176306073843,1.6850114367771574,0.5533526168146518,-1.2456733291651303,5
-0.6152211397255039,0.6686928718597217,0.3901927965813974,0.3001115449458951,0.1895044486220484,-0.3921192848189135,-1.601526702957108,8
-0.7142809957236865,1.2264141410757798,-1.0975231196993809,-1.11713398089051,-1.4737248813615669,-0.6995237503655115,0.4037608901677478,3
1.4844807268576037,-1.281182574711778,1.3556159787159527,-1.5736176816444187,-0.0058515163004452,0.0189117871145062,-1.240409642930707,6
-1.1084045278020145,0.9884163853555292,-0.0829976984312166,1.676436491409948,-0.0004885409259174,-1.512209698119807,0.0798846218362556,9
0.4356306728614484,1.548650865602345,1.9213293350932992,2.039688597384368,-0.1369318588293107,-1.3122036649615878,0.6478685305771307,11
1.0558087929813615,0.4149342338856401,-0.0414356773321528,0.4610465659571693,1.7780678356479882,-1.2683678036620396,-0.0957109550789842,5
-0.2737942957930291,0.7231701137459108,-0.7592163361385271,1.114770521157441,-0.2464926900385644,0.4966557705874755,0.2102264987500987,7
0.2182347436638614,0.8363050689439482,1.52269259395655,0.6880258130996808,-0.6674184313765732,0.7621091093676512,-0.2125493639951135,2
-0.1608649536953433,1.2240212699053383,0.0471759378715704,-0.4638558040869026,0.3131844381200531,2.343985308913474,-0.5923520061591699,3
-0.4237514477144298,1.57067203733114,0.3389182285529231,0.0091478079548022,0.3013293255634207,-0.6842677218433901,1.2048900768175097,9
-1.4158434231732215,0.5184956120751754,0.3403202505497767,-0.7927841288249684,0.74914118004143,0.5797634451245804,-0.0288900791903745,10
-1.9220255809476503,-0.3104769121712175,-1.4661004244380922,0.4449720969331153,1.570358794027545,-1.190455510342791,0.9059115303469426,4
0.1979201606176432,-1.486977263022726,-0.7164296282531039,0.6532607967242764,-0.1398741977674925,0.0264776666150399,-0.1592792392757812,5
-0.4162286504393648,0.7353003321968664,-0.1515756233343395,1.0915878628082962,-1.1947510202142262,-1.607818765996016,0.1981969663502901,1
-0.0147885148685709,0.6247561273405149,1.088740832782988,0.1746971941125957,-0.2000971214912858,0.7325044887869059,1.2404870401196046,12
-1.0212808735979717,-0.3661943883892889,-0.2340378888355629,-1.634067345371786,0.731623441078013,-0.1643583427074258,-0.3549760706302393,2
-0.4336268590302587,0.9051386315315604,0.2505911825090435,-1.1069212021745627,-0.3521778922276431,-0.0904154314389665,0.3165307082488958,10
-1.2626350262105583,0.916917813702662,0.0853342426878064,-0.6415459265107779,-0.1531342551874614,0.974061871205134,0.8335503918719799,11
-2.2372803863386808,1.3847360373023974,-1.6766525040916096,-0.2362253179142718,0.6814360388426347,1.0867864790508286,0.0155384099122571,12
0.5751985354013797,0.7459085839623859,-2.398116115083777,-0.8799676269442578,-0.1232215652553372,1.2653190435076629,-0.6166299947466626,3
1.120811891464048,0.135221408391152,0.1614170757045674,-1.010185781689582,-1.128865867550997,0.7257930682172735,-0.803655259651398,7
-0.8888803109126491,-0.2188184735341707,0.3195780733119827,0.9942852424495904,-0.0842946348069463,-0.497937968033671,0.3188847715178372,2
-0.8185977562277036,1.8385775720051547,-0.6626099446878688,0.7385119468858534,1.175223944578064,-1.0383042271989829,-0.6752045120333556,5
-0.4839906852106497,-0.3939304597729114,-1.4164255188281722,1.673275585182256,-0.2648599539050174,0.0587937585295052,-0.0768299129303211,10
1.8135261707979244,-0.2382771494817552,0.025902741317295,-0.7517362090022062,0.9856593570155732,0.1364013618322639,-0.1810954012591335,5
0.0667245666551348,-1.5998961453255975,0.3275535287673731,-0.4626505307350853,0.7287431596399624,0.7723603614490735,-0.0367534144545926,2
-0.1086290455423261,0.0389554661902135,-0.2236966183032588,0.0329921190294763,0.7726421739331302,-0.5825145487384776,-0.189376723094248,5
1.317174526466482,0.9876027893080704,0.8416267197170328,0.3133344558959138,-0.1716675870991889,-2.115356513789368,0.9820890378739228,12
-0.3446413846707284,-0.3694424573653609,0.7505877234614097,-0.8328311303919153,-0.4404352452258486,0.9410875235744912,0.7099847498020979,3
0.4794648953534466,-0.8769308819978333,-0.237565350192336,0.6894389805443877,0.1899255743272115,0.8646024619329579,-1.126168304620773,4
0.578170110155088,0.1269353194199765,-0.5155490397083574,-0.1720540977860595,0.9303297054308548,-0.1872261442160916,0.7502537391149728,15
0.8930771598001271,-1.403414901719917,0.1845977665648497,1.3238108243958515,0.2980722472082278,1.2909426643968005,0.6741234975070878,3
0.6862087426607175,-0.4209062633480948,-0.501231346471719,-0.3104324315360838,0.3737865284332454,-0.0288333006848968,0.1095421664189865,6
0.7247519379350614,0.5285588015079026,0.0437928936555925,-0.7583645833373717,-0.8585280709688768,0.1204638262868304,2.0193224327147976,2
-1.3696608423711585,-0.8682587259431697,-1.074414398632097,0.3313147729607007,1.4934505535865086,-0.6443382482009472,0.4076518730394285,6
-0.0452011698145751,-0.1471965789352359,1.0464239644271285,-0.5485354152781087,-1.2443771085193736,0.7705028893244699,-0.3480861009506812,7
0.4336242235451559,-1.3244641387830154,1.571764132116675,0.0560240862962768,0.6868880980901693,0.8595868679036269,0.2346229317094147,10
1.074209556007552,0.7472833979715564,1.829495971037266,1.6555001552810946,0.1526522695245061,-0.6637853243981018,0.8445971021178885,3
0.0455953572542117,-0.1153085765854494,0.9780596999197212,-1.5061765430843166,0.5278921962885432,1.611088112388674,-2.030741842249244,5
-0.897270400115721,-0.5488280058176668,-2.633798986352029,0.5247408638252797,-0.4039492555147349,0.4791462951002925,1.518691536488181,7
0.7984253008704895,2.0055134647368784,-0.518474438424778,0.684794194322508,-1.517071723616496,0.5920554833641597,0.0462952000868465,8
-0.3319841706707239,1.1066619658367105,1.6372395636644224,-1.394668540898415,0.7354523374921219,0.4147821924775208,0.1032119565704297,8
1.6081094703070464,-0.0814674370650385,0.4090243731098451,0.2628963222937911,3.049417510630997,-0.9409056032427072,-0.3047944539087865,5
-1.2829942796981204,-0.3125584185523408,0.9489559730560684,0.1813448559832922,-0.1024874640972874,0.4252922341334439,-0.8201117987020514,5
-1.535872027934438,-0.7641354589239612,-1.1035557373144294,-0.6983569371674753,1.0857505171209036,0.0998122662038697,0.2989028998113686,12
0.0281759967423944,0.1191539226707154,0.6403295685240379,-1.4815203926101073,-1.2658498220800587,-0.1385683107079021,-0.948111687101898,2
0.3236126895463468,-0.7528607499018581,0.271593852812107,0.1240115265346827,-1.1315027234125905,-0.4286229758190649,-1.5124783749365758,3
-0.1926030231201759,0.5744577775647857,-1.1915916518829135,-2.0544349734364147,-1.49206914986937,1.507942437515897,0.0122677188277355,9
0.5132749478256784,1.6474469001611058,0.0208998733121489,0.2750927606538961,-0.1624305644623514,1.3622811589730128,1.3792186479157418,4
0.7825388433937147,-0.4043868300535563,0.6302648291824001,-0.9480124172098746,0.6419284023846206,0.2486222415356401,-0.1169710320928998,8
0.6833015529935861,-1.6728732772078887,-1.211015358626115,0.0140510905655714,-1.4451386125587409,0.9544527523315672,-0.4193964103103046,0
1.0646592386512357,-0.5170726428721067,-0.1650073564505316,-0.2474576626442464,-0.3588122096883165,0.6622091016881676,-0.150597385966119,6
-0.6942469254489748,0.5958061644349022,-0.3628123037164742,0.974675177799059,1.0303271897873016,-0.6584787955670127,1.5253250103499734,8
0.6188074838657475,2.4216201969763427,-1.1420733542652963,-0.8123129264757308,-0.9508851456245564,-0.1339266025399627,1.4017117160775183,3